Device_id,Device_id_to,Device,Device_type,Device_mobility,Owner_id,Manufacturing_id,Application_id,Connectivity,X_GPS,Y_GPS,Intersection,Distance,Relation
D1,D2,0,1,1,0,0,9,1,48,101,0,215.03,0
D1,D3,0,1,1,0,0,9,1,48,101,0,355.03,0
D1,D4,0,1,1,0,0,9,1,48,101,0,469.66,0
D1,D5,0,1,1,0,0,9,1,48,101,0,459.03,0
D1,D6,0,1,1,0,0,9,1,48,101,0,385.62,3
D1,D7,0,1,1,0,0,9,1,48,101,0,161.61,3
D1,D8,0,1,1,0,0,9,1,48,101,0,319.92,3
D1,D9,0,1,1,0,0,9,1,48,101,0,138.76,3
D1,D10,0,1,1,0,0,9,1,48,101,0,337.64,3
D1,D11,0,1,1,0,0,9,1,48,101,0,614.86,4
D1,D12,0,1,1,0,0,9,1,48,101,0,617.82,4
D1,D13,0,1,1,0,0,9,1,48,101,0,328.71,3
D1,D14,0,1,1,0,0,9,0,48,101,0,109.59,0
D1,D15,0,1,1,0,0,9,0,48,101,0,552.82,0
D1,D16,0,1,1,0,0,9,0,48,101,0,740.18,0
D1,D17,0,1,1,0,0,9,1,48,101,0,338.39,0
D1,D18,0,1,1,0,0,9,1,48,101,0,119.08,0
D1,D19,0,1,1,0,0,9,1,48,101,0,114.04,3
D1,D20,0,1,1,0,0,9,1,48,101,0,359.09,3
D1,D21,0,1,1,0,0,9,1,48,101,0,482.35,4
D1,D22,0,1,1,0,0,9,1,48,101,0,580.93,4
D1,D23,0,1,1,0,0,9,1,48,101,0,434.73,4
D1,D24,0,1,1,0,0,9,1,48,101,0,321.4,3
D1,D25,0,1,1,0,0,9,0,48,101,0,562.39,0
D1,D26,0,1,1,0,0,9,0,48,101,0,789.88,0
D1,D27,0,1,1,0,0,9,0,48,101,0,541.67,0
D2,D1,0,1,1,0,0,11,1,260,65,0,215.03,0
D2,D3,0,1,1,0,0,11,1,260,65,0,275.54,0
D2,D4,0,1,1,0,1,11,1,260,65,0,289.28,0
D2,D5,0,1,1,0,0,11,1,260,65,0,266.56,0
D2,D6,0,1,1,0,0,11,1,260,65,0,417.16,4
D2,D7,0,1,1,0,0,11,1,260,65,1,59.44,3
D2,D8,0,1,1,0,0,11,1,260,65,0,226.37,3
D2,D9,0,1,1,0,0,11,1,260,65,0,256.96,3
D2,D10,0,1,1,0,0,11,1,260,65,0,378.54,3
D2,D11,0,1,1,0,0,11,1,260,65,0,497.92,4
D2,D12,0,1,1,0,0,11,1,260,65,0,402.8,4
D2,D13,0,1,1,0,0,11,1,260,65,1,147.41,3
D2,D14,0,1,1,0,0,11,0,260,65,0,208.83,0
D2,D15,0,1,1,0,0,11,0,260,65,0,549.03,0
D2,D16,0,1,1,0,0,11,0,260,65,0,606.43,0
D2,D17,0,1,1,0,0,11,1,260,65,0,221.92,0
D2,D18,0,1,1,0,0,11,1,260,65,0,96.1,0
D2,D19,0,1,1,0,0,11,1,260,65,0,140.25,3
D2,D20,0,1,1,0,0,11,1,260,65,0,425.31,4
D2,D21,0,1,1,0,0,11,1,260,65,0,529.24,4
D2,D22,0,1,1,0,0,11,1,260,65,0,399.28,3
D2,D23,0,1,1,0,0,11,1,260,65,2,220.33,3
D2,D24,0,1,1,0,0,11,1,260,65,0,316.81,3
D2,D25,0,1,1,0,0,11,0,260,65,0,420.52,0
D2,D26,0,1,1,0,0,11,0,260,65,0,663.27,0
D2,D27,0,1,1,0,0,11,0,260,65,0,479.27,0
D3,D1,0,1,1,0,0,21,1,315,335,0,355.03,0
D3,D2,0,1,1,0,0,21,1,315,335,0,275.54,0
D3,D4,0,1,1,0,0,21,1,315,335,0,216.09,0
D3,D5,0,1,1,0,0,21,1,315,335,0,240.71,0
D3,D6,0,1,1,0,0,21,1,315,335,1,205.55,3
D3,D7,0,1,1,0,0,21,1,315,335,0,304.73,3
D3,D8,0,1,1,0,0,21,1,315,335,1,49.37,3
D3,D9,0,1,1,0,0,21,1,315,335,0,263.5,3
D3,D10,0,1,1,0,0,21,1,315,335,1,194.12,3
D3,D11,0,1,1,0,0,21,1,315,335,0,260.76,3
D3,D12,0,1,1,0,0,21,1,315,335,0,477.36,4
D3,D13,0,1,1,0,0,21,1,315,335,0,181.84,3
D3,D14,0,1,1,0,0,21,0,315,335,0,255.78,0
D3,D15,0,1,1,0,0,21,0,315,335,0,285.59,0
D3,D16,0,1,1,0,0,21,0,315,335,0,389.1,0
D3,D17,0,1,1,0,0,21,1,315,335,1,67.78,0
D3,D18,0,1,1,0,0,21,1,315,335,1,291.03,0
D3,D19,0,1,1,0,0,21,1,315,335,0,246.4,3
D3,D20,0,1,1,0,0,21,1,315,335,0,251.56,3
D3,D21,0,1,1,0,0,21,1,315,335,0,307.06,3
D3,D22,0,1,1,0,0,21,1,315,335,0,298.1,3
D3,D23,0,1,1,0,0,21,1,315,335,0,365.44,3
D3,D24,0,1,1,0,0,21,1,315,335,1,112.54,3
D3,D25,0,1,1,0,0,21,0,315,335,0,224.41,0
D3,D26,0,1,1,0,0,21,0,315,335,0,436.08,0
D3,D27,0,1,1,0,0,21,0,315,335,0,204.6,0
D4,D1,0,1,1,0,0,26,1,501,225,0,469.66,0
D4,D2,0,1,1,0,1,26,1,501,225,0,289.28,0
D4,D3,0,1,1,0,0,26,1,501,225,0,216.09,0
D4,D5,0,1,1,0,0,26,1,501,225,2,44.01,0
D4,D6,0,1,1,0,0,26,1,501,225,0,419.89,4
D4,D7,0,1,1,0,0,26,1,501,225,0,345.44,3
D4,D8,0,1,1,0,0,26,1,501,225,0,201.46,3
D4,D9,0,1,1,0,0,26,1,501,225,0,431.2,4
D4,D10,0,1,1,0,0,26,1,501,225,0,410.08,4
D4,D11,0,1,1,0,0,26,1,501,225,0,260.51,3
D4,D12,0,1,1,0,0,26,1,501,225,0,271.91,3
D4,D13,0,1,1,0,0,26,1,501,225,0,144.46,3
D4,D14,0,1,1,0,0,26,0,501,225,0,402.91,0
D4,D15,0,1,1,0,0,26,0,501,225,0,460.79,0
D4,D16,0,1,1,0,0,26,0,501,225,0,337.65,0
D4,D17,0,1,1,0,0,26,1,501,225,1,167.72,0
D4,D18,0,1,1,0,0,26,1,501,225,0,363.08,0
D4,D19,0,1,1,0,0,26,1,501,225,0,358.51,3
D4,D20,0,1,1,0,0,26,1,501,225,0,467.61,4
D4,D21,0,1,1,0,0,26,1,501,225,0,514.32,4
D4,D22,0,1,1,0,0,26,1,501,225,0,111.79,3
D4,D23,0,1,1,0,0,26,1,501,225,0,221.9,3
D4,D24,0,1,1,0,0,26,1,501,225,0,327.89,3
D4,D25,0,1,1,0,0,26,0,501,225,0,162.39,0
D4,D26,0,1,1,0,0,26,0,501,225,0,398.08,0
D4,D27,0,1,1,0,0,26,0,501,225,0,327.2,0
D5,D1,0,1,1,0,0,13,1,500,181,0,459.03,0
D5,D2,0,1,1,0,0,13,1,500,181,0,266.56,0
D5,D3,0,1,1,0,0,13,1,500,181,0,240.71,0
D5,D4,0,1,1,0,0,13,1,500,181,0,44.01,0
D5,D6,0,1,1,0,0,13,1,500,181,0,446.23,4
D5,D7,0,1,1,0,0,13,1,500,181,0,324.72,3
D5,D8,0,1,1,0,0,13,1,500,181,0,217.96,3
D5,D9,0,1,1,0,0,13,1,500,181,0,433.76,4
D5,D10,0,1,1,0,0,13,1,500,181,0,432.42,4
D5,D11,0,1,1,0,0,13,1,500,181,0,304.38,3
D5,D12,0,1,1,0,0,13,1,500,181,0,238.01,3
D5,D13,0,1,1,0,0,13,1,500,181,0,130.39,3
D5,D14,0,1,1,0,0,13,0,500,181,0,401.36,0
D5,D15,0,1,1,0,0,13,0,500,181,0,498.0,0
D5,D16,0,1,1,0,0,13,0,500,181,0,377.81,0
D5,D17,0,1,1,0,0,13,1,500,181,0,184.07,0
D5,D18,0,1,1,0,0,13,1,500,181,0,347.52,0
D5,D19,0,1,1,0,0,13,1,500,181,0,351.2,3
D5,D20,0,1,1,0,0,13,1,500,181,0,490.1,4
D5,D21,0,1,1,0,0,13,1,500,181,0,544.69,4
D5,D22,0,1,1,0,0,13,1,500,181,0,135.09,3
D5,D23,0,1,1,0,0,13,1,500,181,0,178.21,3
D5,D24,0,1,1,0,0,13,1,500,181,0,349.76,3
D5,D25,0,1,1,0,0,13,0,500,181,0,205.83,0
D5,D26,0,1,1,0,0,13,0,500,181,0,438.56,0
D5,D27,0,1,1,0,0,13,0,500,181,0,368.11,0
D6,D1,1,1,1,0,0,3,1,160,470,0,385.62,3
D6,D2,1,1,1,0,0,3,1,160,470,0,417.16,4
D6,D3,1,1,1,0,0,3,1,160,470,0,205.55,3
D6,D4,1,1,1,0,0,3,1,160,470,0,419.89,4
D6,D5,1,1,1,0,0,3,1,160,470,0,446.23,4
D6,D7,1,1,1,0,0,3,1,160,470,0,420.1,0
D6,D8,1,1,1,0,0,3,1,160,470,0,236.76,0
D6,D9,1,1,1,0,0,3,1,160,470,0,248.85,0
D6,D10,1,1,1,0,0,3,1,160,470,2,48.1,0
D6,D11,1,1,1,0,0,3,1,160,470,0,369.27,3
D6,D12,1,1,1,0,0,3,1,160,470,0,682.71,4
D6,D13,1,1,1,0,0,3,1,160,470,0,373.34,3
D6,D14,1,1,1,0,0,3,0,160,470,0,278.76,0
D6,D15,1,1,1,0,0,3,0,160,470,0,171.97,0
D6,D16,1,1,1,0,0,3,0,160,470,0,497.16,0
D6,D17,1,1,1,0,0,3,1,160,470,0,267.59,0
D6,D18,1,1,1,0,0,3,1,160,470,0,385.05,0
D6,D19,1,1,1,0,0,3,1,160,470,0,318.16,3
D6,D20,1,1,1,0,0,3,1,160,470,0,66.29,3
D6,D21,1,1,1,0,0,3,1,160,470,1,112.27,3
D6,D22,1,1,1,0,0,3,1,160,470,0,489.53,4
D6,D23,1,1,1,0,0,3,1,160,470,0,559.97,4
D6,D24,1,1,1,0,0,3,1,160,470,0,105.19,3
D6,D25,1,1,1,0,0,3,0,160,470,0,383.76,0
D6,D26,1,1,1,0,0,3,0,160,470,0,525.51,0
D6,D27,1,1,1,0,0,3,0,160,470,0,227.77,0
D7,D1,1,1,1,0,0,7,1,202,52,0,161.61,3
D7,D2,1,1,1,0,0,7,1,202,52,0,59.44,3
D7,D3,1,1,1,0,0,7,1,202,52,0,304.73,3
D7,D4,1,1,1,0,0,7,1,202,52,0,345.44,3
D7,D5,1,1,1,0,0,7,1,202,52,0,324.72,3
D7,D6,1,1,1,0,0,7,1,202,52,0,420.1,0
D7,D8,1,1,1,0,0,7,1,202,52,0,257.3,0
D7,D9,1,1,1,0,0,7,1,202,52,0,228.08,0
D7,D10,1,1,1,0,0,7,1,202,52,0,377.64,0
D7,D11,1,1,1,0,0,7,1,202,52,0,541.81,4
D7,D12,1,1,1,0,0,7,1,202,52,0,458.63,4
D7,D13,1,1,1,0,0,7,1,202,52,0,201.65,3
D7,D14,1,1,1,0,0,7,0,202,52,0,178.68,0
D7,D15,1,1,1,0,0,7,0,202,52,0,564.4,0
D7,D16,1,1,1,0,0,7,0,202,52,0,654.97,0
D7,D17,1,1,1,0,0,7,1,202,52,0,259.7,0
D7,D18,1,1,1,0,0,7,1,202,52,1,48.84,0
D7,D19,1,1,1,0,0,7,1,202,52,0,112.71,3
D7,D20,1,1,1,0,0,7,1,202,52,0,418.9,4
D7,D21,1,1,1,0,0,7,1,202,52,0,530.47,4
D7,D22,1,1,1,0,0,7,1,202,52,0,456.29,4
D7,D23,1,1,1,0,0,7,1,202,52,0,274.06,3
D7,D24,1,1,1,0,0,7,1,202,52,0,326.12,3
D7,D25,1,1,1,0,0,7,0,202,52,0,469.52,0
D7,D26,1,1,1,0,0,7,0,202,52,0,710.54,0
D7,D27,1,1,1,0,0,7,0,202,52,0,509.13,0
D8,D1,1,1,1,0,0,12,1,309,286,0,319.92,3
D8,D2,1,1,1,0,0,12,1,309,286,0,226.37,3
D8,D3,1,1,1,0,0,12,1,309,286,0,49.37,3
D8,D4,1,1,1,0,0,12,1,309,286,0,201.46,3
D8,D5,1,1,1,0,0,12,1,309,286,0,217.96,3
D8,D6,1,1,1,0,0,12,1,309,286,0,236.76,0
D8,D7,1,1,1,0,0,12,1,309,286,0,257.3,0
D8,D9,1,1,1,0,0,12,1,309,286,0,243.77,0
D8,D10,1,1,1,0,0,12,1,309,286,0,216.51,0
D8,D11,1,1,1,0,0,12,1,309,286,0,295.98,3
D8,D12,1,1,1,0,0,12,1,309,286,0,449.32,4
D8,D13,1,1,1,0,0,12,1,309,286,1,138.64,3
D8,D14,1,1,1,0,0,12,0,309,286,0,227.69,0
D8,D15,1,1,1,0,0,12,0,309,286,0,332.58,0
D8,D16,1,1,1,0,0,12,0,309,286,0,420.27,0
D8,D17,1,1,1,0,0,12,1,309,286,1,34.01,0
D8,D18,1,1,1,0,0,12,1,309,286,0,246.68,0
D8,D19,1,1,1,0,0,12,1,309,286,0,207.94,3
D8,D20,1,1,1,0,0,12,1,309,286,0,273.93,3
D8,D21,1,1,1,0,0,12,1,309,286,0,343.76,3
D8,D22,1,1,1,0,0,12,1,309,286,0,296.67,3
D8,D23,1,1,1,0,0,12,1,309,286,0,324.85,3
D8,D24,1,1,1,0,0,12,1,309,286,1,134.42,3
D8,D25,1,1,1,0,0,12,0,309,286,0,245.42,0
D8,D26,1,1,1,0,0,12,0,309,286,0,470.43,0
D8,D27,1,1,1,0,0,12,0,309,286,0,253.16,0
D9,D1,1,1,1,0,0,4,1,70,238,0,138.76,3
D9,D2,1,1,1,0,0,4,1,70,238,0,256.96,3
D9,D3,1,1,1,0,0,4,1,70,238,0,263.5,3
D9,D4,1,1,1,0,0,4,1,70,238,0,431.2,4
D9,D5,1,1,1,0,0,4,1,70,238,0,433.76,4
D9,D6,1,1,1,0,0,4,1,70,238,0,248.85,0
D9,D7,1,1,1,0,0,4,1,70,238,0,228.08,0
D9,D8,1,1,1,0,0,4,1,70,238,0,243.77,0
D9,D10,1,1,1,0,0,4,1,70,238,2,200.74,2
D9,D11,1,1,1,0,0,4,1,70,238,0,520.77,4
D9,D12,1,1,1,0,0,4,1,70,238,0,633.22,4
D9,D13,1,1,1,0,0,4,1,70,238,0,310.45,3
D9,D14,1,1,1,0,0,4,0,70,238,0,49.41,0
D9,D15,1,1,1,0,0,4,0,70,238,0,418.61,0
D9,D16,1,1,1,0,0,4,0,70,238,0,651.15,0
D9,D17,1,1,1,0,0,4,1,70,238,0,272.13,0
D9,D18,1,1,1,0,0,4,1,70,238,0,180.62,0
D9,D19,1,1,1,0,0,4,1,70,238,0,117.46,3
D9,D20,1,1,1,0,0,4,1,70,238,0,220.42,3
D9,D21,1,1,1,0,0,4,1,70,238,0,343.59,3
D9,D22,1,1,1,0,0,4,1,70,238,0,535.73,4
D9,D23,1,1,1,0,0,4,1,70,238,0,464.64,4
D9,D24,1,1,1,0,0,4,1,70,238,1,198.7,3
D9,D25,1,1,1,0,0,4,0,70,238,0,486.43,0
D9,D26,1,1,1,0,0,4,0,70,238,0,695.22,0
D9,D27,1,1,1,0,0,4,0,70,238,0,425.18,0
D10,D1,1,1,1,0,0,24,1,143,425,0,337.64,3
D10,D2,1,1,1,0,0,24,1,143,425,0,378.54,3
D10,D3,1,1,1,1,0,24,1,143,425,0,194.12,3
D10,D4,1,1,1,0,0,24,1,143,425,0,410.08,4
D10,D5,1,1,1,0,0,24,1,143,425,0,432.42,4
D10,D6,1,1,1,0,0,24,1,143,425,0,48.1,0
D10,D7,1,1,1,0,0,24,1,143,425,0,377.64,0
D10,D8,1,1,1,0,0,24,1,143,425,0,216.51,0
D10,D9,1,1,1,0,0,24,1,143,425,0,200.74,0
D10,D11,1,1,1,0,0,24,1,143,425,0,390.48,3
D10,D12,1,1,1,0,0,24,1,143,425,0,665.81,4
D10,D13,1,1,1,0,0,24,1,143,425,0,348.07,3
D10,D14,1,1,1,0,0,24,0,143,425,0,231.22,0
D10,D15,1,1,1,0,0,24,0,143,425,0,219.18,0
D10,D16,1,1,1,0,0,24,0,143,425,0,520.89,0
D10,D17,1,1,1,0,0,24,1,143,425,0,249.44,0
D10,D18,1,1,1,0,0,24,1,143,425,0,340.78,0
D10,D19,1,1,1,0,0,24,1,143,425,0,273.09,3
D10,D20,1,1,1,0,0,24,1,143,425,1,57.69,3
D10,D21,1,1,1,0,0,24,1,143,425,0,152.95,3
D10,D22,1,1,1,0,0,24,1,143,425,0,488.59,4
D10,D23,1,1,1,0,0,24,1,143,425,0,533.52,4
D10,D24,1,1,1,0,0,24,1,143,425,0,82.66,3
D10,D25,1,1,1,0,0,24,0,143,425,0,393.14,0
D10,D26,1,1,1,0,0,24,0,143,425,0,553.34,0
D10,D27,1,1,1,0,0,24,0,143,425,0,258.81,0
D11,D1,2,1,0,0,0,23,0,529,484,0,614.86,4
D11,D2,2,1,0,0,0,23,0,529,484,0,497.92,4
D11,D3,2,1,0,0,0,23,0,529,484,0,260.76,3
D11,D4,2,1,0,0,0,23,0,529,484,0,260.51,3
D11,D5,2,1,0,0,0,23,0,529,484,0,304.38,3
D11,D6,2,1,0,0,0,23,0,529,484,0,369.27,3
D11,D7,2,1,0,0,0,23,0,529,484,0,541.81,4
D11,D8,2,1,0,0,0,23,0,529,484,0,295.98,3
D11,D9,2,1,0,0,0,23,0,529,484,0,520.77,4
D11,D10,2,1,0,0,0,23,0,529,484,0,390.48,3
D11,D12,2,1,0,0,0,23,1,529,484,0,498.0,0
D11,D13,2,1,0,0,0,23,1,529,484,0,358.68,0
D11,D14,2,1,0,0,0,23,0,529,484,0,516.43,0
D11,D15,2,1,0,0,0,23,0,529,484,0,304.18,0
D11,D16,2,1,0,0,0,23,0,529,484,0,131.87,0
D11,D17,2,1,0,0,0,23,1,529,484,0,284.02,0
D11,D18,2,1,0,0,0,23,1,529,484,0,539.42,0
D11,D19,2,1,0,0,0,23,0,529,484,0,503.85,0
D11,D20,2,1,0,0,0,23,0,529,484,0,434.84,0
D11,D21,2,1,0,0,0,23,0,529,484,0,413.59,0
D11,D22,2,1,0,0,0,23,0,529,484,0,230.87,0
D11,D23,2,1,0,0,0,23,0,529,484,0,482.38,4
D11,D24,2,1,0,0,0,23,0,529,484,0,335.2,3
D11,D25,2,1,0,0,0,23,0,529,484,0,100.12,0
D11,D26,2,1,0,0,0,23,0,529,484,0,175.32,0
D11,D27,2,1,0,0,0,23,0,529,484,0,155.65,0
D12,D1,2,1,0,0,0,26,0,658,3,0,617.82,4
D12,D2,2,1,0,0,0,26,0,658,3,0,402.8,4
D12,D3,2,1,0,0,0,26,0,658,3,0,477.36,4
D12,D4,2,1,0,0,0,26,0,658,3,0,271.91,3
D12,D5,2,1,0,0,0,26,0,658,3,0,238.01,3
D12,D6,2,1,0,0,0,26,0,658,3,0,682.71,4
D12,D7,2,1,0,0,0,26,0,658,3,0,458.63,4
D12,D8,2,1,0,0,0,26,0,658,3,0,449.32,4
D12,D9,2,1,0,0,0,26,0,658,3,0,633.22,4
D12,D10,2,1,0,0,0,26,0,658,3,0,665.81,4
D12,D11,2,1,0,0,0,26,1,658,3,0,498.0,0
D12,D13,2,1,0,0,0,26,1,658,3,0,328.1,0
D12,D14,2,1,0,0,0,26,0,658,3,0,592.04,0
D12,D15,2,1,0,0,0,26,0,658,3,0,732.49,0
D12,D16,2,1,0,0,0,26,0,658,3,0,523.02,0
D12,D17,2,1,0,0,0,26,1,658,3,0,416.52,0
D12,D18,2,1,0,0,0,26,1,658,3,0,498.79,0
D12,D19,2,1,0,0,0,26,0,658,3,0,529.4,0
D12,D20,2,1,0,0,0,26,0,658,3,0,723.25,0
D12,D21,2,1,0,0,0,26,0,658,3,0,782.62,0
D12,D22,2,1,0,0,0,26,0,658,3,0,268.29,0
D12,D23,2,1,0,0,0,26,0,658,3,0,186.01,3
D12,D24,2,1,0,0,0,26,0,658,3,0,583.47,4
D12,D25,2,1,0,0,0,26,0,658,3,0,400.67,0
D12,D26,2,1,0,0,0,26,0,658,3,0,581.19,0
D12,D27,2,1,0,0,0,26,0,658,3,0,594.95,0
D13,D1,2,1,0,0,0,19,0,371,162,0,328.71,3
D13,D2,2,1,0,0,0,19,0,371,162,0,147.41,3
D13,D3,2,1,0,0,0,19,0,371,162,0,181.84,3
D13,D4,2,1,0,0,0,19,0,371,162,0,144.46,3
D13,D5,2,1,0,0,0,19,0,371,162,0,130.39,3
D13,D6,2,1,0,0,0,19,0,371,162,0,373.34,3
D13,D7,2,1,0,0,0,19,0,371,162,0,201.65,3
D13,D8,2,1,0,0,0,19,0,371,162,0,138.64,3
D13,D9,2,1,0,0,0,19,0,371,162,0,310.45,3
D13,D10,2,1,0,0,0,19,0,371,162,0,348.07,3
D13,D11,2,1,0,0,0,19,1,371,162,0,358.68,0
D13,D12,2,1,0,0,0,19,1,371,162,0,328.1,0
D13,D14,2,1,0,0,0,19,0,371,162,0,274.37,0
D13,D15,2,1,0,0,0,19,0,371,162,0,466.9,0
D13,D16,2,1,0,0,0,19,0,371,162,0,461.07,0
D13,D17,2,1,0,0,0,19,1,371,162,0,114.28,0
D13,D18,2,1,0,0,0,19,1,371,162,0,218.98,0
D13,D19,2,1,0,0,0,19,0,371,162,0,221.23,0
D13,D20,2,1,0,0,0,19,0,371,162,0,403.98,0
D13,D21,2,1,0,0,0,19,0,371,162,0,481.92,0
D13,D22,2,1,0,0,0,19,0,371,162,0,256.07,0
D13,D23,2,1,0,0,0,19,0,371,162,0,186.68,3
D13,D24,2,1,0,0,0,19,0,371,162,0,268.8,3
D13,D25,2,1,0,0,0,19,0,371,162,0,275.41,0
D13,D26,2,1,0,0,0,19,0,371,162,0,518.93,0
D13,D27,2,1,0,0,0,19,0,371,162,0,367.11,0
D14,D1,3,0,0,0,0,5,0,99,198,0,109.59,0
D14,D2,3,0,0,0,0,5,0,99,198,0,208.83,0
D14,D3,3,0,0,0,0,5,0,99,198,0,255.78,0
D14,D4,3,0,0,0,0,5,0,99,198,0,402.91,0
D14,D5,3,0,0,0,0,5,0,99,198,0,401.36,0
D14,D6,3,0,0,0,0,5,0,99,198,0,278.76,0
D14,D7,3,0,0,0,0,5,0,99,198,0,178.68,0
D14,D8,3,0,0,0,0,5,0,99,198,0,227.69,0
D14,D9,3,0,0,0,0,5,0,99,198,0,49.41,0
D14,D10,3,0,0,0,0,5,0,99,198,0,231.22,0
D14,D11,3,0,0,0,0,5,0,99,198,0,516.43,0
D14,D12,3,0,0,0,0,5,0,99,198,0,592.04,0
D14,D13,3,0,0,0,0,5,0,99,198,0,274.37,0
D14,D15,3,0,0,0,0,5,1,99,198,0,443.94,0
D14,D16,3,0,0,0,0,5,1,99,198,0,644.68,0
D14,D17,3,0,0,0,0,5,0,99,198,0,252.11,0
D14,D18,3,0,0,0,0,5,0,99,198,0,131.37,0
D14,D19,3,0,0,0,0,5,0,99,198,0,68.68,1
D14,D20,3,0,0,0,0,5,0,99,198,0,259.03,0
D14,D21,3,0,0,0,0,5,0,99,198,0,379.96,0
D14,D22,3,0,0,0,0,5,0,99,198,0,510.55,0
D14,D23,3,0,0,0,0,5,0,99,198,0,419.97,0
D14,D24,3,0,0,0,0,5,0,99,198,0,212.0,0
D14,D25,3,0,0,0,0,5,1,99,198,0,473.1,0
D14,D26,3,0,0,0,0,5,1,99,198,0,691.72,0
D14,D27,3,0,0,0,0,5,1,99,198,0,434.19,0
D15,D1,3,0,0,0,0,5,0,254,614,0,552.82,0
D15,D2,3,0,0,0,0,5,0,254,614,0,549.03,0
D15,D3,3,0,0,0,0,5,0,254,614,0,285.59,0
D15,D4,3,0,0,0,0,5,0,254,614,0,460.79,0
D15,D5,3,0,0,0,0,5,0,254,614,0,498.0,0
D15,D6,3,0,0,0,0,5,0,254,614,0,171.97,0
D15,D7,3,0,0,0,0,5,0,254,614,0,564.4,0
D15,D8,3,0,0,0,0,5,0,254,614,0,332.58,0
D15,D9,3,0,0,0,0,5,0,254,614,0,418.61,0
D15,D10,3,0,0,0,0,5,0,254,614,0,219.18,0
D15,D11,3,0,0,0,0,5,0,254,614,0,304.18,0
D15,D12,3,0,0,0,0,5,0,254,614,0,732.49,0
D15,D13,3,0,0,0,0,5,0,254,614,0,466.9,0
D15,D14,3,0,0,0,0,5,1,254,614,0,443.94,0
D15,D16,3,0,0,0,0,5,1,254,614,0,409.57,0
D15,D17,3,0,0,0,0,5,0,254,614,0,352.65,0
D15,D18,3,0,0,0,0,5,0,254,614,0,536.27,0
D15,D19,3,0,0,0,1,5,0,254,614,0,473.56,0
D15,D20,3,0,0,0,0,5,0,254,614,0,223.45,0
D15,D21,3,0,0,0,0,5,0,254,614,0,133.24,0
D15,D22,3,0,0,0,0,5,0,254,614,0,494.27,0
D15,D23,3,0,0,0,0,5,0,254,614,0,646.84,0
D15,D24,3,0,0,0,1,5,0,254,614,0,239.89,0
D15,D25,3,0,0,0,0,5,1,254,614,0,362.35,0
D15,D26,3,0,0,0,0,5,1,254,614,0,420.07,0
D15,D27,3,0,0,0,0,5,1,254,614,0,151.99,0
D16,D1,3,0,0,0,0,1,0,654,526,0,740.18,0
D16,D2,3,0,0,0,0,1,0,654,526,0,606.43,0
D16,D3,3,0,0,0,0,1,0,654,526,0,389.1,0
D16,D4,3,0,0,0,0,1,0,654,526,0,337.65,0
D16,D5,3,0,0,0,0,1,0,654,526,0,377.81,0
D16,D6,3,0,0,0,0,1,0,654,526,0,497.16,0
D16,D7,3,0,0,0,0,1,0,654,526,0,654.97,0
D16,D8,3,0,0,0,0,1,0,654,526,0,420.27,0
D16,D9,3,0,0,0,0,1,0,654,526,0,651.15,0
D16,D10,3,0,0,0,0,1,0,654,526,0,520.89,0
D16,D11,3,0,0,0,0,1,0,654,526,0,131.87,0
D16,D12,3,0,0,0,0,1,0,654,526,0,523.02,0
D16,D13,3,0,0,0,0,1,0,654,526,0,461.07,0
D16,D14,3,0,0,0,0,1,1,654,526,0,644.68,0
D16,D15,3,0,0,0,0,1,1,654,526,0,409.57,0
D16,D17,3,0,0,0,0,1,0,654,526,0,403.87,0
D16,D18,3,0,0,0,0,1,0,654,526,0,657.74,0
D16,D19,3,0,0,0,0,1,0,654,526,0,627.61,0
D16,D20,3,0,0,0,0,1,0,654,526,0,563.24,0
D16,D21,3,0,0,0,0,1,0,654,526,0,530.46,0
D16,D22,3,0,0,0,0,1,0,654,526,0,264.58,0
D16,D23,3,0,0,0,0,1,0,654,526,0,551.87,0
D16,D24,3,0,0,0,0,1,0,654,526,0,467.07,0
D16,D25,3,0,0,0,0,1,1,654,526,0,185.91,0
D16,D26,3,0,0,0,0,1,1,654,526,0,61.03,0
D16,D27,3,0,0,0,0,1,1,654,526,0,274.02,0
D17,D1,4,0,1,0,0,2,0,340,272,0,338.39,0
D17,D2,4,0,1,0,0,2,0,340,272,0,221.92,0
D17,D3,4,0,1,0,0,2,0,340,272,0,67.78,0
D17,D4,4,0,1,0,0,2,0,340,272,0,167.72,0
D17,D5,4,0,1,0,0,2,0,340,272,0,184.07,0
D17,D6,4,0,1,0,0,2,0,340,272,0,267.59,0
D17,D7,4,0,1,0,0,2,0,340,272,0,259.7,0
D17,D8,4,0,1,0,0,2,0,340,272,0,34.01,0
D17,D9,4,0,1,0,0,2,0,340,272,0,272.13,0
D17,D10,4,0,1,0,0,2,0,340,272,0,249.44,0
D17,D11,4,0,1,0,0,2,1,340,272,0,284.02,0
D17,D12,4,0,1,0,0,2,1,340,272,0,416.52,0
D17,D13,4,0,1,0,0,2,1,340,272,0,114.28,0
D17,D14,4,0,1,0,0,2,0,340,272,0,252.11,0
D17,D15,4,0,1,0,0,2,0,340,272,0,352.65,0
D17,D16,4,0,1,0,0,2,0,340,272,0,403.87,0
D17,D18,4,0,1,0,0,2,1,340,272,0,255.43,0
D17,D19,4,0,1,0,0,2,0,340,272,0,224.72,0
D17,D20,4,0,1,0,0,2,0,340,272,0,307.0,0
D17,D21,4,0,1,1,0,2,0,340,272,0,372.59,0
D17,D22,4,0,1,0,0,2,0,340,272,0,265.07,0
D17,D23,4,0,1,0,0,2,0,340,272,0,297.85,0
D17,D24,4,0,1,0,0,2,0,340,272,0,166.96,0
D17,D25,4,0,1,0,0,2,0,340,272,0,224.01,0
D17,D26,4,0,1,0,0,2,0,340,272,0,456.33,0
D17,D27,4,0,1,0,0,2,0,340,272,0,260.09,0
D18,D1,4,0,1,0,0,11,0,166,85,0,119.08,0
D18,D2,4,0,1,0,0,11,0,166,85,0,96.1,0
D18,D3,4,0,1,0,0,11,0,166,85,0,291.03,0
D18,D4,4,0,1,0,0,11,0,166,85,0,363.08,0
D18,D5,4,0,1,0,0,11,0,166,85,0,347.52,0
D18,D6,4,0,1,0,0,11,0,166,85,0,385.05,0
D18,D7,4,0,1,0,0,11,0,166,85,0,48.84,0
D18,D8,4,0,1,0,0,11,0,166,85,0,246.68,0
D18,D9,4,0,1,0,0,11,0,166,85,0,180.62,0
D18,D10,4,0,1,0,0,11,0,166,85,0,340.78,0
D18,D11,4,0,1,0,0,11,1,166,85,0,539.42,0
D18,D12,4,0,1,0,0,11,1,166,85,0,498.79,0
D18,D13,4,0,1,0,0,11,1,166,85,0,218.98,0
D18,D14,4,0,1,0,0,11,0,166,85,0,131.37,0
D18,D15,4,0,1,0,0,11,0,166,85,0,536.27,0
D18,D16,4,0,1,0,0,11,0,166,85,0,657.74,0
D18,D17,4,0,1,0,0,11,1,166,85,0,255.43,0
D18,D19,4,0,1,0,0,11,0,166,85,0,68.88,0
D18,D20,4,0,1,0,0,11,0,166,85,0,378.71,0
D18,D21,4,0,1,0,0,11,0,166,85,0,493.62,0
D18,D22,4,0,1,0,0,11,0,166,85,0,474.85,0
D18,D23,4,0,1,0,0,11,0,166,85,0,316.28,0
D18,D24,4,0,1,0,0,11,0,166,85,0,296.44,0
D18,D25,4,0,1,0,0,11,0,166,85,0,474.16,0
D18,D26,4,0,1,0,0,11,0,166,85,0,711.37,0
D18,D27,4,0,1,0,0,11,0,166,85,0,492.88,0
D19,D1,5,1,1,0,0,2,0,150,152,0,114.04,3
D19,D2,5,1,1,0,0,2,0,150,152,0,140.25,3
D19,D3,5,1,1,0,0,2,0,150,152,0,246.4,3
D19,D4,5,1,1,0,0,2,0,150,152,0,358.51,3
D19,D5,5,1,1,0,0,2,0,150,152,0,351.2,3
D19,D6,5,1,1,0,0,2,0,150,152,0,318.16,3
D19,D7,5,1,1,0,0,2,0,150,152,0,112.71,3
D19,D8,5,1,1,0,0,2,0,150,152,0,207.94,3
D19,D9,5,1,1,0,0,2,0,150,152,0,117.46,3
D19,D10,5,1,1,0,0,2,0,150,152,0,273.09,3
D19,D11,5,1,1,0,0,2,0,150,152,0,503.85,0
D19,D12,5,1,1,0,0,2,0,150,152,0,529.4,0
D19,D13,5,1,1,0,0,2,0,150,152,0,221.23,0
D19,D14,5,1,1,0,0,2,1,150,152,0,68.68,0
D19,D15,5,1,1,0,1,2,1,150,152,0,473.56,0
D19,D16,5,1,1,0,0,2,1,150,152,0,627.61,0
D19,D17,5,1,1,0,0,2,0,150,152,0,224.72,0
D19,D18,5,1,1,0,0,2,0,150,152,0,68.88,0
D19,D20,5,1,1,0,0,2,1,150,152,0,309.92,0
D19,D21,5,1,1,0,0,2,1,150,152,0,425.68,0
D19,D22,5,1,1,0,0,2,1,150,152,0,469.06,0
D19,D23,5,1,1,0,0,2,0,150,152,0,353.97,3
D19,D24,5,1,1,0,1,2,0,150,152,0,234.09,0
D19,D25,5,1,1,0,0,2,1,150,152,0,448.64,0
D19,D26,5,1,1,0,0,2,1,150,152,0,678.35,0
D19,D27,5,1,1,0,0,2,1,150,152,0,441.62,0
D20,D1,5,1,1,0,0,6,0,95,457,0,359.09,3
D20,D2,5,1,1,0,0,6,0,95,457,0,425.31,4
D20,D3,5,1,1,0,0,6,0,95,457,0,251.56,3
D20,D4,5,1,1,0,0,6,0,95,457,0,467.61,4
D20,D5,5,1,1,0,0,6,0,95,457,0,490.1,4
D20,D6,5,1,1,0,0,6,0,95,457,0,66.29,3
D20,D7,5,1,1,0,0,6,0,95,457,0,418.9,4
D20,D8,5,1,1,0,0,6,0,95,457,0,273.93,3
D20,D9,5,1,1,0,0,6,0,95,457,0,220.42,3
D20,D10,5,1,1,0,0,6,0,95,457,0,57.69,3
D20,D11,5,1,1,0,0,6,0,95,457,0,434.84,0
D20,D12,5,1,1,0,0,6,0,95,457,0,723.25,0
D20,D13,5,1,1,0,0,6,0,95,457,0,403.98,0
D20,D14,5,1,1,0,0,6,1,95,457,0,259.03,0
D20,D15,5,1,1,0,0,6,1,95,457,0,223.45,0
D20,D16,5,1,1,0,0,6,1,95,457,0,563.24,0
D20,D17,5,1,1,0,0,6,0,95,457,0,307.0,0
D20,D18,5,1,1,0,0,6,0,95,457,0,378.71,0
D20,D19,5,1,1,0,0,6,1,95,457,0,309.92,0
D20,D21,5,1,1,0,0,6,1,95,457,0,123.94,0
D20,D22,5,1,1,0,0,6,1,95,457,0,544.59,0
D20,D23,5,1,1,0,0,6,0,95,457,0,588.59,4
D20,D24,5,1,1,0,0,6,0,95,457,0,140.35,3
D20,D25,5,1,1,0,0,6,1,95,457,0,445.03,0
D20,D26,5,1,1,0,0,6,1,95,457,0,591.79,0
D20,D27,5,1,1,0,0,6,1,95,457,0,293.95,0
D21,D1,5,1,1,0,0,1,0,126,577,0,482.35,4
D21,D2,5,1,1,0,0,1,0,126,577,0,529.24,4
D21,D3,5,1,1,0,0,1,0,126,577,0,307.06,3
D21,D4,5,1,1,0,0,1,0,126,577,0,514.32,4
D21,D5,5,1,1,0,0,1,0,126,577,0,544.69,4
D21,D6,5,1,1,0,0,1,0,126,577,0,112.27,3
D21,D7,5,1,1,0,0,1,0,126,577,0,530.47,4
D21,D8,5,1,1,0,0,1,0,126,577,0,343.76,3
D21,D9,5,1,1,0,0,1,0,126,577,0,343.59,3
D21,D10,5,1,1,0,0,1,0,126,577,0,152.95,3
D21,D11,5,1,1,0,0,1,0,126,577,0,413.59,0
D21,D12,5,1,1,0,0,1,0,126,577,0,782.62,0
D21,D13,5,1,1,0,0,1,0,126,577,0,481.92,0
D21,D14,5,1,1,0,0,1,1,126,577,0,379.96,0
D21,D15,5,1,1,0,0,1,1,126,577,0,133.24,0
D21,D16,5,1,1,0,0,1,1,126,577,0,530.46,0
D21,D17,5,1,1,0,0,1,0,126,577,0,372.59,0
D21,D18,5,1,1,0,0,1,0,126,577,0,493.62,0
D21,D19,5,1,1,0,0,1,1,126,577,0,425.68,0
D21,D20,5,1,1,0,0,1,1,126,577,0,123.94,0
D21,D22,5,1,1,0,0,1,1,126,577,0,571.11,0
D21,D23,5,1,1,0,0,1,0,126,577,0,668.51,4
D21,D24,5,1,1,0,0,1,0,126,577,0,216.39,3
D21,D25,5,1,1,0,0,1,1,126,577,0,451.35,0
D21,D26,5,1,1,0,0,1,1,126,577,0,547.04,0
D21,D27,5,1,1,0,0,1,1,126,577,0,258.5,0
D22,D1,5,1,1,0,0,13,0,605,266,0,580.93,4
D22,D2,5,1,1,0,0,13,0,605,266,0,399.28,3
D22,D3,5,1,1,0,0,13,0,605,266,0,298.1,3
D22,D4,5,1,1,0,0,13,0,605,266,0,111.79,3
D22,D5,5,1,1,0,0,13,0,605,266,0,135.09,3
D22,D6,5,1,1,0,0,13,0,605,266,0,489.53,4
D22,D7,5,1,1,0,0,13,0,605,266,0,456.29,4
D22,D8,5,1,1,0,0,13,0,605,266,0,296.67,3
D22,D9,5,1,1,0,0,13,0,605,266,0,535.73,4
D22,D10,5,1,1,0,0,13,0,605,266,0,488.59,4
D22,D11,5,1,1,0,0,13,0,605,266,0,230.87,0
D22,D12,5,1,1,0,0,13,0,605,266,0,268.29,0
D22,D13,5,1,1,0,0,13,0,605,266,0,256.07,0
D22,D14,5,1,1,0,0,13,1,605,266,0,510.55,0
D22,D15,5,1,1,0,0,13,1,605,266,0,494.27,0
D22,D16,5,1,1,0,0,13,1,605,266,0,264.58,0
D22,D17,5,1,1,0,0,13,0,605,266,0,265.07,0
D22,D18,5,1,1,0,0,13,0,605,266,0,474.85,0
D22,D19,5,1,1,0,0,13,1,605,266,0,469.06,0
D22,D20,5,1,1,0,0,13,1,605,266,0,544.59,0
D22,D21,5,1,1,0,0,13,1,605,266,0,571.11,0
D22,D23,5,1,1,0,0,13,0,605,266,0,292.93,3
D22,D24,5,1,1,0,0,13,0,605,266,0,409.61,4
D22,D25,5,1,1,0,0,13,1,605,266,0,137.71,0
D22,D26,5,1,1,0,0,13,1,605,266,0,325.19,0
D22,D27,5,1,1,0,0,13,1,605,266,0,346.11,0
D23,D1,6,1,1,0,0,13,1,472,5,0,434.73,4
D23,D2,6,1,1,0,0,13,1,472,5,0,220.33,3
D23,D3,6,1,1,0,0,13,1,472,5,0,365.44,3
D23,D4,6,1,1,0,0,13,1,472,5,0,221.9,3
D23,D5,6,1,1,0,0,13,1,472,5,0,178.21,3
D23,D6,6,1,1,0,0,13,1,472,5,0,559.97,4
D23,D7,6,1,1,0,0,13,1,472,5,0,274.06,3
D23,D8,6,1,1,0,0,13,1,472,5,0,324.85,3
D23,D9,6,1,1,0,0,13,1,472,5,0,464.64,4
D23,D10,6,1,1,0,0,13,1,472,5,0,533.52,4
D23,D11,6,1,1,0,0,13,1,472,5,0,482.38,4
D23,D12,6,1,1,0,0,13,1,472,5,0,186.01,3
D23,D13,6,1,1,0,0,13,1,472,5,0,186.68,3
D23,D14,6,1,1,0,0,13,0,472,5,0,419.97,0
D23,D15,6,1,1,0,0,13,0,472,5,0,646.84,0
D23,D16,6,1,1,0,0,13,0,472,5,0,551.87,0
D23,D17,6,1,1,0,0,13,1,472,5,0,297.85,0
D23,D18,6,1,1,0,0,13,1,472,5,0,316.28,0
D23,D19,6,1,1,0,0,13,1,472,5,0,353.97,3
D23,D20,6,1,1,0,0,13,1,472,5,0,588.59,4
D23,D21,6,1,1,0,0,13,1,472,5,0,668.51,4
D23,D22,6,1,1,0,0,13,1,472,5,0,292.93,3
D23,D24,6,1,1,0,0,13,1,472,5,0,455.25,0
D23,D25,6,1,1,0,0,13,0,472,5,0,384.04,0
D23,D26,6,1,1,0,0,13,0,472,5,0,612.9,0
D23,D27,6,1,1,0,0,13,0,472,5,0,532.02,0
D24,D1,6,1,1,0,0,6,1,211,378,0,321.4,3
D24,D2,6,1,1,0,0,6,1,211,378,0,316.81,3
D24,D3,6,1,1,0,0,6,1,211,378,0,112.54,3
D24,D4,6,1,1,0,0,6,1,211,378,0,327.89,3
D24,D5,6,1,1,0,0,6,1,211,378,0,349.76,3
D24,D6,6,1,1,0,0,6,1,211,378,0,105.19,3
D24,D7,6,1,1,0,0,6,1,211,378,0,326.12,3
D24,D8,6,1,1,0,0,6,1,211,378,0,134.42,3
D24,D9,6,1,1,0,0,6,1,211,378,0,198.7,3
D24,D10,6,1,1,0,0,6,1,211,378,0,82.66,3
D24,D11,6,1,1,0,0,6,1,211,378,0,335.2,3
D24,D12,6,1,1,0,0,6,1,211,378,0,583.47,4
D24,D13,6,1,1,0,0,6,1,211,378,0,268.8,3
D24,D14,6,1,1,0,0,6,0,211,378,0,212.0,0
D24,D15,6,1,1,0,1,6,0,211,378,0,239.89,0
D24,D16,6,1,1,0,0,6,0,211,378,0,467.07,0
D24,D17,6,1,1,0,0,6,1,211,378,0,166.96,0
D24,D18,6,1,1,0,0,6,1,211,378,0,296.44,0
D24,D19,6,1,1,0,1,6,1,211,378,0,234.09,0
D24,D20,6,1,1,0,0,6,1,211,378,0,140.35,3
D24,D21,6,1,1,0,0,6,1,211,378,0,216.39,3
D24,D22,6,1,1,0,0,6,1,211,378,0,409.61,4
D24,D23,6,1,1,0,0,6,1,211,378,0,455.25,0
D24,D25,6,1,1,0,0,6,0,211,378,0,323.06,0
D24,D26,6,1,1,0,0,6,0,211,378,0,505.85,0
D24,D27,6,1,1,0,0,6,0,211,378,0,226.63,0
D25,D1,7,0,0,0,0,26,0,534,384,0,562.39,0
D25,D2,7,0,0,0,0,26,0,534,384,0,420.52,0
D25,D3,7,0,0,0,0,26,0,534,384,0,224.41,0
D25,D4,7,0,0,0,0,26,0,534,384,0,162.39,0
D25,D5,7,0,0,0,0,26,0,534,384,0,205.83,0
D25,D6,7,0,0,0,0,26,0,534,384,0,383.76,0
D25,D7,7,0,0,0,0,26,0,534,384,0,469.52,0
D25,D8,7,0,0,0,0,26,0,534,384,0,245.42,0
D25,D9,7,0,0,0,0,26,0,534,384,0,486.43,0
D25,D10,7,0,0,0,0,26,0,534,384,0,393.14,0
D25,D11,7,0,0,0,0,26,0,534,384,0,100.12,0
D25,D12,7,0,0,0,0,26,0,534,384,0,400.67,0
D25,D13,7,0,0,0,0,26,0,534,384,0,275.41,0
D25,D14,7,0,0,0,0,26,1,534,384,0,473.1,0
D25,D15,7,0,0,0,0,26,1,534,384,0,362.35,0
D25,D16,7,0,0,0,0,26,1,534,384,0,185.91,0
D25,D17,7,0,0,0,0,26,0,534,384,0,224.01,0
D25,D18,7,0,0,0,0,26,0,534,384,0,474.16,0
D25,D19,7,0,0,0,0,26,0,534,384,0,448.64,0
D25,D20,7,0,0,0,0,26,0,534,384,0,445.03,0
D25,D21,7,0,0,0,0,26,0,534,384,0,451.35,0
D25,D22,7,0,0,0,0,26,0,534,384,0,137.71,0
D25,D23,7,0,0,1,0,26,0,534,384,0,384.04,0
D25,D24,7,0,0,0,0,26,0,534,384,0,323.06,0
D25,D26,7,0,0,0,0,26,1,534,384,0,243.56,0
D25,D27,7,0,0,0,0,26,1,534,384,0,211.52,0
D26,D1,7,0,0,0,0,12,0,673,584,0,789.88,0
D26,D2,7,0,0,0,0,12,0,673,584,0,663.27,0
D26,D3,7,0,0,0,0,12,0,673,584,0,436.08,0
D26,D4,7,0,0,0,0,12,0,673,584,0,398.08,0
D26,D5,7,0,0,0,0,12,0,673,584,0,438.56,0
D26,D6,7,0,0,0,0,12,0,673,584,0,525.51,0
D26,D7,7,0,0,0,0,12,0,673,584,0,710.54,0
D26,D8,7,0,0,0,0,12,0,673,584,0,470.43,0
D26,D9,7,0,0,0,0,12,0,673,584,0,695.22,0
D26,D10,7,0,0,0,0,12,0,673,584,0,553.34,0
D26,D11,7,0,0,0,0,12,0,673,584,0,175.32,0
D26,D12,7,0,0,0,0,12,0,673,584,0,581.19,0
D26,D13,7,0,0,0,0,12,0,673,584,0,518.93,0
D26,D14,7,0,0,0,0,12,1,673,584,0,691.72,0
D26,D15,7,0,0,0,0,12,1,673,584,0,420.07,0
D26,D16,7,0,0,0,0,12,1,673,584,0,61.03,0
D26,D17,7,0,0,0,0,12,0,673,584,0,456.33,0
D26,D18,7,0,0,0,0,12,0,673,584,0,711.37,0
D26,D19,7,0,0,0,0,12,0,673,584,0,678.35,0
D26,D20,7,0,0,0,0,12,0,673,584,0,591.79,0
D26,D21,7,0,0,0,0,12,0,673,584,0,547.04,0
D26,D22,7,0,0,0,0,12,0,673,584,0,325.19,0
D26,D23,7,0,0,0,0,12,0,673,584,0,612.9,0
D26,D24,7,0,0,0,0,12,0,673,584,0,505.85,0
D26,D25,7,0,0,0,0,12,1,673,584,0,243.56,0
D26,D27,7,0,0,0,0,12,1,673,584,0,298.12,0
D27,D1,7,0,0,0,0,7,0,380,529,0,541.67,0
D27,D2,7,0,0,0,0,7,0,380,529,0,479.27,0
D27,D3,7,0,0,0,0,7,0,380,529,0,204.6,0
D27,D4,7,0,0,0,0,7,0,380,529,0,327.2,0
D27,D5,7,0,0,0,0,7,0,380,529,0,368.11,0
D27,D6,7,0,0,0,0,7,0,380,529,0,227.77,0
D27,D7,7,0,0,0,0,7,0,380,529,0,509.13,0
D27,D8,7,0,0,0,0,7,0,380,529,0,253.16,0
D27,D9,7,0,0,0,0,7,0,380,529,0,425.18,0
D27,D10,7,0,0,0,0,7,0,380,529,0,258.81,0
D27,D11,7,0,0,0,0,7,0,380,529,0,155.65,0
D27,D12,7,0,0,0,0,7,0,380,529,0,594.95,0
D27,D13,7,0,0,0,0,7,0,380,529,0,367.11,0
D27,D14,7,0,0,0,0,7,1,380,529,0,434.19,0
D27,D15,7,0,0,0,0,7,1,380,529,0,151.99,0
D27,D16,7,0,0,0,0,7,1,380,529,0,274.02,0
D27,D17,7,0,0,0,0,7,0,380,529,0,260.09,0
D27,D18,7,0,0,0,0,7,0,380,529,0,492.88,0
D27,D19,7,0,0,0,0,7,0,380,529,0,441.62,0
D27,D20,7,0,0,0,0,7,0,380,529,0,293.95,0
D27,D21,7,0,0,0,0,7,0,380,529,0,258.5,0
D27,D22,7,0,0,0,0,7,0,380,529,0,346.11,0
D27,D23,7,0,0,0,0,7,0,380,529,0,532.02,0
D27,D24,7,0,0,0,0,7,0,380,529,0,226.63,0
D27,D25,7,0,0,0,0,7,1,380,529,0,211.52,0
D27,D26,7,0,0,0,0,7,1,380,529,0,298.12,0
